username,email,password
user1,user1@example.com,pass1
user2,user2@example.com,pass2
user3,user3@example.com,pass3
user4,user4@example.com,pass4
user5,user5@example.com,pass5
user6,user6@example.com,pass6
user7,user7@example.com,pass7
user8,user8@example.com,pass8
user9,user9@example.com,pass9
user10,user10@example.com,pass10
user11,user11@example.com,pass11
user12,user12@example.com,pass12
user13,user13@example.com,pass13
user14,user14@example.com,pass14
user15,user15@example.com,pass15
user16,user16@example.com,pass16
user17,user17@example.com,pass17
user18,user18@example.com,pass18
user19,user19@example.com,pass19
user20,user20@example.com,pass20
user21,user21@example.com,pass21
user22,user22@example.com,pass22
user23,user23@example.com,pass23
user24,user24@example.com,pass24
user25,user25@example.com,pass25
user26,user26@example.com,pass26
user27,user27@example.com,pass27
user28,user28@example.com,pass28
user29,user29@example.com,pass29
user30,user30@example.com,pass30
user31,user31@example.com,pass31
user32,user32@example.com,pass32
user33,user33@example.com,pass33
user34,user34@example.com,pass34
user35,user35@example.com,pass35
user36,user36@example.com,pass36
user37,user37@example.com,pass37
user38,user38@example.com,pass38
user39,user39@example.com,pass39
user40,user40@example.com,pass40
user41,user41@example.com,pass41
user42,user42@example.com,pass42
user43,user43@example.com,pass43
user44,user44@example.com,pass44
user45,user45@example.com,pass45
user46,user46@example.com,pass46
user47,user47@example.com,pass47
user48,user48@example.com,pass48
user49,user49@example.com,pass49
user50,user50@example.com,pass50
user51,user51@example.com,pass51
user52,user52@example.com,pass52
user53,user53@example.com,pass53
user54,user54@example.com,pass54
user55,user55@example.com,pass55
user56,user56@example.com,pass56
user57,user57@example.com,pass57
user58,user58@example.com,pass58
user59,user59@example.com,pass59
user60,user60@example.com,pass60
user61,user61@example.com,pass61
user62,user62@example.com,pass62
user63,user63@example.com,pass63
user64,user64@example.com,pass64
user65,user65@example.com,pass65
user66,user66@example.com,pass66
user67,user67@example.com,pass67
user68,user68@example.com,pass68
user69,user69@example.com,pass69
user70,user70@example.com,pass70
user71,user71@example.com,pass71
user72,user72@example.com,pass72
user73,user73@example.com,pass73
user74,user74@example.com,pass74
user75,user75@example.com,pass75
user76,user76@example.com,pass76
user77,user77@example.com,pass77
user78,user78@example.com,pass78
user79,user79@example.com,pass79
user80,user80@example.com,pass80
user81,user81@example.com,pass81
user82,user82@example.com,pass82
user83,user83@example.com,pass83
user84,user84@example.com,pass84
user85,user85@example.com,pass85
user86,user86@example.com,pass86
user87,user87@example.com,pass87
user88,user88@example.com,pass88
user89,user89@example.com,pass89
user90,user90@example.com,pass90
user91,user91@example.com,pass91
user92,user92@example.com,pass92
user93,user93@example.com,pass93
user94,user94@example.com,pass94
user95,user95@example.com,pass95
user96,user96@example.com,pass96
user97,user97@example.com,pass97
user98,user98@example.com,pass98
user99,user99@example.com,pass99
user100,user100@example.com,pass100
